-- phpMyAdmin SQL Dump
-- version 4.8.5
-- https://www.phpmyadmin.net/
--
-- Хост: 127.0.0.1:3306
-- Время создания: Фев 22 2020 г., 17:27
-- Версия сервера: 8.0.15
-- Версия PHP: 7.1.22

SET SQL_MODE = "NO_AUTO_VALUE_ON_ZERO";
SET AUTOCOMMIT = 0;
START TRANSACTION;
SET time_zone = "+00:00";


/*!40101 SET @OLD_CHARACTER_SET_CLIENT=@@CHARACTER_SET_CLIENT */;
/*!40101 SET @OLD_CHARACTER_SET_RESULTS=@@CHARACTER_SET_RESULTS */;
/*!40101 SET @OLD_COLLATION_CONNECTION=@@COLLATION_CONNECTION */;
/*!40101 SET NAMES utf8mb4 */;

--
-- База данных: `pupkin`
--

-- --------------------------------------------------------

--
-- Структура таблицы `article`
--

CREATE TABLE `article` (
  `id` int(11) NOT NULL,
  `title` varchar(255) DEFAULT NULL,
  `description` text,
  `content` text,
  `date` date DEFAULT NULL,
  `image` varchar(255) DEFAULT NULL,
  `viewed` int(11) DEFAULT NULL,
  `user_id` int(11) DEFAULT NULL,
  `status` int(11) DEFAULT NULL,
  `category_id` int(11) DEFAULT NULL
) ENGINE=InnoDB DEFAULT CHARSET=utf8;

--
-- Дамп данных таблицы `article`
--

INSERT INTO `article` (`id`, `title`, `description`, `content`, `date`, `image`, `viewed`, `user_id`, `status`, `category_id`) VALUES
(3, 'qwe', 'descr', 'cont', '2020-03-02', '64b9f94e3f6a2ab020e452d0f680e737.jpg', 44, 1, NULL, 2),
(5, 'qwe1', 'фавы', 'фвыавфыа', '2020-03-02', '8fa6f814a99bf3bd2f6e05686e1daf35.jpg', NULL, 2, NULL, 2),
(7, 'akura', 'bukvi', 'bukvi', '2020-02-10', NULL, 1, 2, NULL, 2),
(8, 'add', 'descript', 'con', '2020-03-02', 'c434dd8460af0bead3e449add104b33b.jpg', NULL, 1, NULL, 1);

-- --------------------------------------------------------

--
-- Структура таблицы `article_tag`
--

CREATE TABLE `article_tag` (
  `id` int(11) NOT NULL,
  `article_id` int(11) DEFAULT NULL,
  `tag_id` int(11) DEFAULT NULL
) ENGINE=InnoDB DEFAULT CHARSET=utf8;

--
-- Дамп данных таблицы `article_tag`
--

INSERT INTO `article_tag` (`id`, `article_id`, `tag_id`) VALUES
(3, 5, 1),
(6, 3, 1),
(7, 3, 2),
(8, 3, 3),
(9, 8, 4);

-- --------------------------------------------------------

--
-- Структура таблицы `category`
--

CREATE TABLE `category` (
  `id` int(11) NOT NULL,
  `title` varchar(255) DEFAULT NULL
) ENGINE=InnoDB DEFAULT CHARSET=utf8;

--
-- Дамп данных таблицы `category`
--

INSERT INTO `category` (`id`, `title`) VALUES
(1, 'cat1'),
(2, 'qwerty');

-- --------------------------------------------------------

--
-- Структура таблицы `comment`
--

CREATE TABLE `comment` (
  `id` int(11) NOT NULL,
  `text` varchar(255) DEFAULT NULL,
  `user_id` int(11) DEFAULT NULL,
  `article_id` int(11) DEFAULT NULL,
  `status` int(11) DEFAULT NULL,
  `date` date DEFAULT NULL
) ENGINE=InnoDB DEFAULT CHARSET=utf8;

--
-- Дамп данных таблицы `comment`
--

INSERT INTO `comment` (`id`, `text`, `user_id`, `article_id`, `status`, `date`) VALUES
(2, 'фвыавы', 1, 3, 1, '2020-02-16');

-- --------------------------------------------------------

--
-- Структура таблицы `migration`
--

CREATE TABLE `migration` (
  `version` varchar(180) NOT NULL,
  `apply_time` int(11) DEFAULT NULL
) ENGINE=InnoDB DEFAULT CHARSET=utf8;

--
-- Дамп данных таблицы `migration`
--

INSERT INTO `migration` (`version`, `apply_time`) VALUES
('m000000_000000_base', 1580653358),
('m200202_134813_create_article_table', 1580653589),
('m200202_134833_create_category_table', 1580653589),
('m200202_134853_create_tag_table', 1580653589),
('m200202_134903_create_user_table', 1580653590),
('m200202_134914_create_comment_table', 1580653591),
('m200202_134922_create_article_tag_table', 1580653971),
('m200216_124753_add_date_to_comment', 1581857355);

-- --------------------------------------------------------

--
-- Структура таблицы `tag`
--

CREATE TABLE `tag` (
  `id` int(11) NOT NULL,
  `title` varchar(255) DEFAULT NULL
) ENGINE=InnoDB DEFAULT CHARSET=utf8;

--
-- Дамп данных таблицы `tag`
--

INSERT INTO `tag` (`id`, `title`) VALUES
(1, 'tag'),
(2, 'tag2'),
(3, 'tag3'),
(4, 'шпгпгл');

-- --------------------------------------------------------

--
-- Структура таблицы `user`
--

CREATE TABLE `user` (
  `id` int(11) NOT NULL,
  `name` varchar(255) DEFAULT NULL,
  `email` varchar(255) DEFAULT NULL,
  `password` varchar(255) DEFAULT NULL,
  `isAdmin` varchar(255) DEFAULT '0',
  `photo` varchar(255) DEFAULT NULL
) ENGINE=InnoDB DEFAULT CHARSET=utf8;

--
-- Дамп данных таблицы `user`
--

INSERT INTO `user` (`id`, `name`, `email`, `password`, `isAdmin`, `photo`) VALUES
(1, 'admin', 'admin@gmail.com', '21232f297a57a5a743894a0e4a801fc3', '1', '6481989b30f84357a05c4c5e9be828d8.jpg'),
(2, 'user', 'user@gmail.com', 'ee11cbb19052e40b07aac0ca060c23ee', '0', NULL),
(3, 'loshok', 'loshok@gmail.com', '9be102fc984e3dcb5252fc15b58c49b4', '0', NULL);

--
-- Индексы сохранённых таблиц
--

--
-- Индексы таблицы `article`
--
ALTER TABLE `article`
  ADD PRIMARY KEY (`id`);

--
-- Индексы таблицы `article_tag`
--
ALTER TABLE `article_tag`
  ADD PRIMARY KEY (`id`),
  ADD KEY `tag_article_article_id` (`article_id`),
  ADD KEY `idx_tag_id` (`tag_id`);

--
-- Индексы таблицы `category`
--
ALTER TABLE `category`
  ADD PRIMARY KEY (`id`);

--
-- Индексы таблицы `comment`
--
ALTER TABLE `comment`
  ADD PRIMARY KEY (`id`),
  ADD KEY `idx-post-user_id` (`user_id`),
  ADD KEY `idx-article_id` (`article_id`);

--
-- Индексы таблицы `migration`
--
ALTER TABLE `migration`
  ADD PRIMARY KEY (`version`);

--
-- Индексы таблицы `tag`
--
ALTER TABLE `tag`
  ADD PRIMARY KEY (`id`);

--
-- Индексы таблицы `user`
--
ALTER TABLE `user`
  ADD PRIMARY KEY (`id`);

--
-- AUTO_INCREMENT для сохранённых таблиц
--

--
-- AUTO_INCREMENT для таблицы `article`
--
ALTER TABLE `article`
  MODIFY `id` int(11) NOT NULL AUTO_INCREMENT, AUTO_INCREMENT=14;

--
-- AUTO_INCREMENT для таблицы `article_tag`
--
ALTER TABLE `article_tag`
  MODIFY `id` int(11) NOT NULL AUTO_INCREMENT, AUTO_INCREMENT=10;

--
-- AUTO_INCREMENT для таблицы `category`
--
ALTER TABLE `category`
  MODIFY `id` int(11) NOT NULL AUTO_INCREMENT, AUTO_INCREMENT=3;

--
-- AUTO_INCREMENT для таблицы `comment`
--
ALTER TABLE `comment`
  MODIFY `id` int(11) NOT NULL AUTO_INCREMENT, AUTO_INCREMENT=3;

--
-- AUTO_INCREMENT для таблицы `tag`
--
ALTER TABLE `tag`
  MODIFY `id` int(11) NOT NULL AUTO_INCREMENT, AUTO_INCREMENT=5;

--
-- AUTO_INCREMENT для таблицы `user`
--
ALTER TABLE `user`
  MODIFY `id` int(11) NOT NULL AUTO_INCREMENT, AUTO_INCREMENT=4;

--
-- Ограничения внешнего ключа сохраненных таблиц
--

--
-- Ограничения внешнего ключа таблицы `article_tag`
--
ALTER TABLE `article_tag`
  ADD CONSTRAINT `fk-tag_id` FOREIGN KEY (`tag_id`) REFERENCES `tag` (`id`) ON DELETE CASCADE,
  ADD CONSTRAINT `tag_article_article_id` FOREIGN KEY (`article_id`) REFERENCES `article` (`id`) ON DELETE CASCADE;

--
-- Ограничения внешнего ключа таблицы `comment`
--
ALTER TABLE `comment`
  ADD CONSTRAINT `fk-article_id` FOREIGN KEY (`article_id`) REFERENCES `article` (`id`) ON DELETE CASCADE,
  ADD CONSTRAINT `fk-post-user_id` FOREIGN KEY (`user_id`) REFERENCES `user` (`id`) ON DELETE CASCADE;
COMMIT;

/*!40101 SET CHARACTER_SET_CLIENT=@OLD_CHARACTER_SET_CLIENT */;
/*!40101 SET CHARACTER_SET_RESULTS=@OLD_CHARACTER_SET_RESULTS */;
/*!40101 SET COLLATION_CONNECTION=@OLD_COLLATION_CONNECTION */;
